"","Df","SumOfSqs","R2","F","Pr(>F)"
"Model",4,0.391963347796663,0.128724804250147,0.738714959854687,0.645135486451355
"Residual",20,2.65300805518928,0.871275195749853,NA,NA
"Total",24,3.04497140298594,1,NA,NA
