"","Df","SumOfSqs","R2","F","Pr(>F)"
"Model",4,0.65524851506912,0.0880673884044249,0.603576591656925,0.819
"Residual",25,6.78505971866746,0.911932611595575,NA,NA
"Total",29,7.44030823373658,1,NA,NA
