"Sum Sq","Mean Sq","NumDF","DenDF","F value","Pr(>F)","Term"
5902.75167165079,5902.75167165079,1,28.3315347385192,0.200370055425299,0.657826305924643,"Diet"
9366.56121212107,9366.56121212107,1,42.0000000305444,0.317949745070723,0.575841094969805,"Age_wk"
9513.37202293177,9513.37202293177,1,42.0000000307967,0.322933266644306,0.572876113635802,"Diet:Age_wk"
