"Sum Sq","Mean Sq","NumDF","DenDF","F value","Pr(>F)","Term"
0.00316656063155841,0.00316656063155841,1,8.99999983522601,0.00638975950560349,0.938037418043834,"Diet"
1.5965600447198,0.39914001117995,4,36.0000001033004,0.805419184172891,0.529867515329186,"Age_wk"
2.40494247936434,0.601235619841084,4,36.0000001021132,1.21322515624666,0.322192406923921,"Diet:Age_wk"
