"Term","Fvalue","df","Pvalue"
"Diet",1.258,32.9823133679064,0.27
"Age_wk",0.2505,41.467111122453,0.619
"Diet:Age_wk",1.1378,41.4671111216313,0.292
