"Term","Fvalue","df","Pvalue"
"Diet",0.8901,34.4816739882473,0.352
"Age_wk",0.0353,41.5241696959224,0.852
"Diet:Age_wk",0.6701,41.524169694827,0.418
