"metric","se_diet","detectable_difference","detectable_ratio"
"Shannon",0.274592674510188,0.549185349020377,NA
"Observed",0.309575144313648,NA,1.85734916043989
