"","Df","SumOfSqs","R2","F","Pr(>F)"
"Model",4,199.838076630536,0.158030381545076,1.17307069401056,0.324667533246675
"Residual",25,1064.71671768625,0.841969618454924,NA,NA
"Total",29,1264.55479431678,1,NA,NA
