"","Df","SumOfSqs","R2","F","Pr(>F)"
"Model",4,146.240447641038,0.12909407260391,0.741148202940166,0.594440555944406
"Residual",20,986.580329419245,0.87090592739609,NA,NA
"Total",24,1132.82077706028,1,NA,NA
