"Sum Sq","Mean Sq","NumDF","DenDF","F value","Pr(>F)","Term"
0.183131556159551,0.183131556159551,1,34.4816739882473,0.890134799038745,0.352004826607111,"Diet"
0.00726396423021677,0.00726396423021677,1,41.5241696959224,0.0353074449640743,0.851868121310556,"Age_wk"
0.13787256916494,0.13787256916494,1,41.524169694827,0.67014759345826,0.417673542355403,"Diet:Age_wk"
