"Sum Sq","Mean Sq","NumDF","DenDF","F value","Pr(>F)","Term"
86899.9372929738,86899.9372929738,1,32.9823133679064,1.25803668860313,0.270122854921255,"Diet"
17300.5337869289,17300.5337869289,1,41.467111122453,0.250457099445275,0.619399283068492,"Age_wk"
78593.9751905767,78593.9751905767,1,41.4671111216313,1.13779258504602,0.292290408812972,"Diet:Age_wk"
