"metric","se_diet","detectable_difference","detectable_ratio"
"Shannon",0.362940742646681,0.725881485293362,NA
"Observed",0.415598328396408,NA,2.29606469836984
